<?xml version="1.0"?>
<!DOCTYPE modification SYSTEM "http://www.simplemachines.org/xml/modification">
<modification xmlns="http://www.simplemachines.org/xml/modification" xmlns:smf="http://www.simplemachines.org/">
    <id>TapatalkSMFPlugin:TapatalkDevelopmentTeam</id>
    <file name="$sourcedir/Load.php">
        <operation>
            <search position="after"><![CDATA[	$context['menu_separator'] = !empty($settings['use_image_buttons']) ? ' ' : ' | ';]]></search>
            <add><![CDATA[	include($boarddir.'/mobiquo/smartbanner.php');]]></add>
        </operation>
    </file>
        <file name="$sourcedir/Post.php">
        <operation>
            <search position="replace"><![CDATA[			// Only send it to everyone if the topic is approved, otherwise just to the topic starter if they want it.
			if ($topic_info['approved'])
				sendNotifications($topic, 'reply');]]></search>
            <add><![CDATA[			// Only send it to everyone if the topic is approved, otherwise just to the topic starter if they want it.
			if ($topic_info['approved'])
			{
				sendNotifications($topic, 'reply');
				global $boarddir;
				if (function_exists('tapatalk_push_reply'))
					tapatalk_push_reply($msgOptions['id']);
				else if(file_exists($boarddir . '/mobiquo/push_hook.php'))
				{
					include($boarddir . '/mobiquo/push_hook.php');
					tapatalk_push_reply($msgOptions['id']);
				}
			}]]></add>
        </operation>
        <operation>
            <search position="replace"><![CDATA[			notifyMembersBoard($notifyData);]]></search>
            <add><![CDATA[			notifyMembersBoard($notifyData);
			global $boarddir;
			if (function_exists('tapatalk_push_quote_tag'))
				tapatalk_push_quote_tag($msgOptions['id'], true);
			else if(file_exists($boarddir . '/mobiquo/push_hook.php'))
			{
				include($boarddir . '/mobiquo/push_hook.php');
				tapatalk_push_quote_tag($msgOptions['id'], true);
			}]]></add>
        </operation>
    </file>
        <file name="$sourcedir/PersonalMessage.php">
        <operation>
            <search position="replace"><![CDATA[	// If one or more of the recipient were invalid, go back to the post screen with the failed usernames.
	if (!empty($context['send_log']['failed']))]]></search>
            <add><![CDATA[	//Tapatalk pm push - start
	global $boarddir;
	if (function_exists('tapatalk_push_pm'))
		tapatalk_push_pm();
	else if(file_exists($boarddir . '/mobiquo/push_hook.php'))
	{
		include($boarddir . '/mobiquo/push_hook.php');
		tapatalk_push_pm();
	}
	//Tapatalk pm push - end
	// If one or more of the recipient were invalid, go back to the post screen with the failed usernames.
	if (!empty($context['send_log']['failed']))]]></add>
        </operation>
    </file>
        </file>

        <file name="$themedir/languages/Admin.english.php">
        <operation>
            <search position="after"><![CDATA[?>]]></search>
            <add><![CDATA[//Tapatalk
$txt['tapatalktitle'] = 'Tapatalk Settings';
$txt['tp_general_settings'] = 'General';
$txt['tp_other_settings'] = 'Others';
$txt['tp_board_settings'] = 'Boards';
$txt['tp_rebranding_settings'] = 'Rebranding Settings';]]></add>
        </operation>
        </file>
        <file name="$themedir/languages/ManageSettings.english.php">
        <operation>
            <search position="after"><![CDATA[?>]]></search>
            <add><![CDATA[
//Tapatalk
$txt['tapatalktitle'] = 'Tapatalk Settings';
$txt['tapatalkEnabled'] = 'Enable tapatalk';
$txt['tp_tapatalkRegisterEnabled'] = 'In-app Registration';
$txt['tp_allow_usergroup'] = 'Usergroup allowed on Tapatalk';
$txt['tp_general_settings'] = 'General';
$txt['tp_board_settings'] = 'Boards';
$txt['tp_rebranding_settings'] = 'Build Your Own';
$txt['tp_other_settings'] = 'Help';
$txt['tp_parent_board'] = 'Boards1';
$txt['tp_child_board'] = 'Boards2';
$txt['tp_board_settingsDesc'] = 'Settings related to boards';
$txt['tp_general_settingsDesc'] = 'These are general settings for tapatalk';
$txt['tp_other_settingsDesc'] = 'Taptalk information';
$txt['tp_rebranding_settingsDesc'] = 'Settings for users who have built their own mobile forum application, try build your <a href="http://tapatalk.com/build.php"> <u>own application</u></a>?';
$txt['tp_select_boards'] = 'Select Boards to HIDE on Tapatalk';
$txt['tp_disable_newtopic'] = 'Disable New Topic For Boards';
$txt['tp_register_page_url'] = 'Register page url';
$txt['tp_push_key'] = 'Tapatalk API Key';
//Tapatalk BYO
$txt['tp_app_banner_msg'] = 'BYO App Banner Message';
$txt['tp_app_ios_id'] = 'BYO iOS App ID';
$txt['tp_android_url'] = 'Android Product URL';
$txt['tp_kf_url'] = 'Kindle Fire Product URL';
$txt['tp_ol_icon_path'] = 'Mobile Online Icon Path';
$txt['tp_ol_icon_link'] = 'Mobile Online Icon Link';
$txt['tp_ol_icon_desc'] = 'Mobile Online Icon Title';

$txt['tp_custom_content_replacement'] = 'Thread Content Replacement(Advanced)';
$txt['taptalk_descp'] = '<strong>Tapatalk for SMF Plugin</strong></br><br>
For SMF 2.0 RC5/Final, <a href = "http://www.tapatalk.com">http://www.tapatalk.com</a></br>
For more remote settings, please check <a style="color:red;" href = "http://tapatalk.com/landing.php"><u>here</u></a>.<br><br>
<b>What is Tapatalk?</b></br>
Tapatalk is a forum app for iPhone/iPad, Android, BlackBerry, Windows Phone and WebOS. The app provides super fast forum access to any vBulletin, IPBoard, phpBB, SMF, xenForo, MyBB and Kunena forums that have activated Tapatalk. Forum owner can download the free plug-in to activate Tapatalk in your forum.</br>

<b>What does this mod do?</b></br>
This mod enables your forum to be accessed by the Tapatalk app. The Tapatalk app can be downloaded from Apple iTune Store or from Google Android Market.</br>

<b>What next do I have to do?</b></br>
After installing this mod, head straight to <a href = "http://tapatalk.com/activate_tapatalk.php">http://tapatalk.com/activate_tapatalk.php</a> and register there. After registering you can enlist your forum into the Tapatalk network.</br>
</br>
Please manually change permission of all files under mobiquo/ folder (including the folder itself) to chmod 755 otherwise it won\'t work!!</br>
</br>
For more information please visit tapatalk.com</br>
<br>
Thank you! :)';

]]></add>
        </operation>
        </file>

        <file name="$themedir/languages/Help.english.php">
        <operation>
            <search position="after"><![CDATA[?>]]></search>
            <add><![CDATA[//Tapatalk start
$helptxt['tapatalkEnabled'] = 'Enable tapatalk for your forum.';
$helptxt['tp_tapatalkRegisterEnabled'] = 'Allows Tapatalk users to create new account, change password and update email address in-app.';
$helptxt['tp_register_page_url'] = 'Registration URL relative to your forum root path';
$helptxt['tp_push_key'] = 'Optional. To improve the quality of Push Notification from your forum, please fill-in copy and paste the Push Notification Key from Tapatalk Forum Owner Area to here.';
$helptxt['tp_allow_usergroup'] = 'Allow usergroups to login via Tapatalk, leave this option empty means that all usergroups users can login via Tapatalk. Different usergroups should be departed by comma, for example, "3,11,6" which means only users who belongs to 3,6 and 11 usergroups can login via Tapatalk.';
$helptxt['tp_hide_boards'] = 'Hide forums you don\'t want them to be listed in Tapatalk app.';
$helptxt['tp_dsa_boards'] = 'Prevent Tapatalk users to create new topic in the selected sub-forums. This feature is useful if certain forums requires additional topic fields or permission that Tapatalk does not support.';
$helptxt['tp_custom_content_replacement'] = 'Ability to match and replace thread content using PHP preg_replace function(http://www.php.net/manual/en/function.preg-replace.php). E.g. "\'pattern\', \'replacement\'" . You can define more than one replace rule on each line.';
$helptxt['tp_app_banner_msg'] = 'E.g. "Follow {your_forum_name} with {app_name} for [os_platform]". Do not change the [os_platform] tag as it is displayed dynamically based on user\'s device platform.';
$helptxt['tp_app_ios_id'] = 'Enter your product ID in Apple App Store, to be used on iPhone device';
$helptxt['tp_android_url'] = 'Enter your BYO App URL from Google Play, to be used on Android device';
$helptxt['tp_kf_url'] = 'Enter your BYO App URL from Amazon App Store, to be used on Kindle Fire device';
$helptxt['tp_ol_icon_path'] = 'Mobile Online Icon appears on Who\'s Online page to indicate member using Tapatalk app';
$helptxt['tp_ol_icon_link'] = 'Target URL when icon is clicked';
$helptxt['tp_ol_icon_desc'] = 'Mobile Online Icon Title appears on Who\'s Online page to indicate member using Tapatalk app';
//Tapatalk ends

]]></add>
        </operation>
        </file>

        <file name="$themedir/languages/Who.english.php">
        <operation>
            <search position="after"><![CDATA[?>]]></search>
            <add><![CDATA[$txt['on_tapatalk'] = 'On Tapatalk';
$txt['on_byo'] = 'On App Of This Forum';]]></add>
        </operation>
        </file>

        <file name="$sourcedir/ModerationCenter.php">
        <operation>
            <search position="before"><![CDATA[			'time_started' => timeformat($row['time_started']),
			'last_updated' => timeformat($row['time_updated']),]]></search>
            <add><![CDATA[			'timestamp_started' => $row['time_started'],]]></add>
        </operation>
        </file>
        <file name="$themedir/Who.template.php">
        <operation>
            <search position="replace"><![CDATA[global $context, $settings, $options, $scripturl, $txt;]]></search>
            <add><![CDATA[global $context, $settings, $options, $scripturl, $txt, $boardurl, $modSettings;]]></add>
        </operation>
        <operation>
            <search position="replace"><![CDATA[<span class="contact_info floatright">]]></search>
            <add><![CDATA[<span class="contact_info floatright">'.((strpos($member['query']['USER_AGENT'], 'Tapatalk') !== false || strpos($member['query']['USER_AGENT'], 'BYO') !== false )? '<a title="'.(strpos($member['query']['USER_AGENT'], 'BYO') !== false ? $txt['on_byo'] : $txt['on_tapatalk']).'" href="' . (isset($modSettings['tp_ol_icon_link']) && strpos($member['query']['USER_AGENT'], 'BYO') !== false ? $modSettings['tp_ol_icon_link'] : 'http://tapatalk.com') . '">
<img align="bottom" alt="Online" src="'.$boardurl. (strpos($member['query']['USER_AGENT'], 'BYO') !== false ? '/mobiquo/forum_icons/byo-online.png' : '/mobiquo/forum_icons/tapatalk-online.png') .'">
</a>' : '').']]></add>
        </operation>
        </file>
        <file name="$themedir/Admin.template.php">
        <operation>
            <search position="replace"><![CDATA[					echo '
							<textarea rows="', ($config_var['size'] ? $config_var['size'] : 4), '" cols="30" ', $javascript, $disabled, ' name="', $config_var['name'], '" id="', $config_var['name'], '">', $config_var['value'], '</textarea>';]]></search>
            <add><![CDATA[					echo '
							<textarea rows="', ($config_var['size'] ? $config_var['size'] : 4), '" cols="',($config_var['cols'] ? $config_var['cols'] : 30),'" ', $javascript, $disabled, ' name="', $config_var['name'], '" id="', $config_var['name'], '">', $config_var['value'], '</textarea>';]]></add>
        </operation>
        </file>
        <file name="$themedir/index.template.php">
        <operation>
            <search position="before"><![CDATA[function template_body_above()
{
	global $context, $settings, $options, $scripturl, $txt, $modSettings;]]></search>
            <add><![CDATA[	echo $context['tapatalk_body_hook'];
]]></add>
        </operation>
        </file>
        <file name="$sourcedir/Subs-Members.php">
        <operation>
            <search position="replace"><![CDATA[		is_not_guest();
		isAllowedTo('moderate_forum');]]></search>
            <add><![CDATA[		if(!defined('mobi_register'))
		{
			is_not_guest();
			isAllowedTo('moderate_forum');
		}]]></add>
        </operation>
        </file>
</modification>